{"cameraMode":{"drawMode":0,"name":"Shaded","section":"Shading Mode"},"sceneLighting":true,"audioPlay":false,"sceneViewState":{"showFog":true,"showMaterialUpdate":false,"showSkybox":true,"showFlares":true,"showImageEffects":true,"showParticleSystems":true},"in2DMode":false,"pivot":{"x":-3.5814132690429689,"y":11.787130355834961,"z":18.071945190429689},"rotation":{"x":0.026168806478381158,"y":-0.9700525403022766,"z":0.12170472741127014,"w":0.20857712626457215},"size":97.89228057861328,"orthographic":false}